-- 외래 키 제약 조건 잠시 해제 (데이터 입력 순서 및 정합성 보장)
SET FOREIGN_KEY_CHECKS = 0;

-- 1. 유저 데이터
INSERT INTO `users` VALUES
(1,'admin01@gmail.com','$2a$10$B/6VXqHCQUxzlg.BfrVFBO7BSsgJSfsOGzI/jHkbR1noLOkiSv/06','admin01','admin01','OO OO구 OO로OOO길 O (OO동)','','01001010101','ADMIN',1000000000,0,'NORMAL',NULL,'2026-02-26 20:29:36','2026-02-26 11:32:27'),
(2,'seller01@gmail.com','$2a$10$1pjHCfTrJFx9TEVbqWwNc.EUeMsGPA.iVmi1RvzGJkaJccJ4cPgJm','seller01','seller01','OO OO구 OO로OOO길 O (OO동)','','01011223344','SELLER',1000000000,0,'NORMAL',NULL,'2026-02-26 20:30:35','2026-02-26 11:32:27'),
(3,'user01@gmail.com','$2a$10$tDoeOxJ3.yNiE4cFD9bGeu6YqkTlpUzdSH4yQgqCZiZM56DFUFnnS','user01','user01','OO OO구 OO로OOO길 O (OO동)','','01011112222','USER',1000000000,0,'NORMAL',NULL,'2026-02-26 20:31:08','2026-02-26 11:32:27'),
(4,'user02@gmail.com','$2a$10$YoJpIg2/uxS7APbjhuuyl.jWBDcNKV4AJO4oPgaMki6AY8sJMFiLm','user02','user02','OO OO구 OO로OOO길 O (OO동)','','01001234567','USER',1000000000,0,'NORMAL',NULL,'2026-02-26 20:31:47','2026-02-26 11:32:32');
-- 2. 카테고리 데이터 (컬럼명을 엔티티와 맞추기 위해 'category'로 수정)
INSERT INTO `categories` (`category_id`, `category`, `parent_id`, `path`, `is_deleted`) VALUES
(1, '가전/디지털', NULL, '1', 0),
(2, 'PC/노트북', 1, '1/2', 0),
(3, 'ASUS 노트북', 2, '1/2/3', 0),
(4, 'Apple 맥북', 2, '1/2/4', 0),
(5, '게이밍 데스크탑', 2, '1/2/5', 0),
(6, '모바일/태블릿', 1, '1/6', 0),
(7, '아이폰', 6, '1/6/7', 0),
(8, '갤럭시', 6, '1/6/8', 0),
(9, '아이패드/태블릿', 6, '1/6/9', 0),
(10, '주방가전', 1, '1/10', 0),
(11, '냉장고/김치냉장고', 10, '1/10/11', 0),
(12, '식기세척기', 10, '1/10/12', 0),
(13, '전자레인지/오븐', 10, '1/10/13', 0),
(14, '생활가전', 1, '1/14', 0),
(15, '세탁기/건조기', 14, '1/14/15', 0),
(16, '청소기/로봇청소기', 14, '1/14/16', 0),
(17, '공기청정기', 14, '1/14/17', 0),
(18, '명품/패션', NULL, '18', 0),
(19, '명품가방', 18, '18/19', 0),
(20, '샤넬', 19, '18/19/20', 0),
(21, '루이비통', 19, '18/19/21', 0),
(22, '명품시계', 18, '18/22', 0),
(23, '롤렉스', 22, '18/22/23', 0),
(24, '오메가', 22, '18/22/24', 0),
(25, '수집품/예술품', NULL, '25', 0),
(26, '희귀 카드', 25, '25/26', 0),
(27, '포켓몬 카드', 26, '25/26/27', 0),
(28, '유희왕 카드', 26, '25/26/28', 0),
(29, '피규어/굿즈', 25, '25/29', 0),
(30, '베어브릭', 29, '25/29/30', 0),
(31, '레고/블록', 29, '25/29/31', 0),
(32, '스니커즈/신발', NULL, '32', 0),
(33, '한정판 스니커즈', 32, '32/33', 0),
(34, '나이키/조던', 33, '32/33/34', 0),
(35, '아디다스/이지', 33, '32/33/35', 0),
(36, '뉴발란스', 33, '32/33/36', 0),
(37, '구두/로퍼', 32, '32/37', 0),
(38, '악기/오디오', NULL, '38', 0),
(39, '악기', 38, '38/39', 0),
(40, '기타/베이스', 39, '38/39/40', 0),
(41, '건반악기', 39, '38/39/41', 0),
(42, '관악기/현악기', 39, '38/39/42', 0),
(43, '하이엔드 오디오', 38, '38/43', 0),
(44, '스피커/앰프', 43, '38/43/44', 0),
(45, 'LP/턴테이블', 43, '38/43/45', 0),
(46, '예술/골동품', NULL, '46', 0),
(47, '회화/조각', 46, '46/47', 0),
(48, '동양화', 47, '46/47/48', 0),
(49, '서양화', 47, '46/47/49', 0),
(50, '희귀 골동품', 46, '46/50', 0),
(51, '도자기/민속품', 50, '46/50/51', 0),
(52, '빈티지 소품', 50, '46/50/52', 0),
(53, '레저/아웃도어', NULL, '53', 0),
(54, '캠핑/백패킹', 53, '53/54', 0),
(55, '텐트/타프', 54, '53/54/55', 0),
(56, '캠핑 가구', 54, '53/54/56', 0),
(57, '낚시', 53, '53/57', 0),
(58, '릴/로드', 57, '53/57/58', 0),
(59, '게임/취미', NULL, '59', 0),
(60, '콘솔 게임기', 59, '59/60', 0),
(61, 'PlayStation', 60, '59/60/61', 0),
(62, 'Nintendo', 60, '59/60/62', 0),
(63, 'RC카/드론', 59, '59/63', 0);

-- 3. 상품 데이터
INSERT INTO `products` (`product_id`, `seller_id`, `category_id`, `title`, `description`, `status`, `view_count`, `created_at`) VALUES
(2, 2, 4, '애플 맥북 프로 16인치 M3 Max', '작년 말에 구매한 미개봉 새상품입니다.\n영상 편집용으로 구매했다가 데스크탑을 쓰게 되어 내놓습니다.\n\n- 칩셋: M3 Max (14코어 CPU, 30코어 GPU)\n- 메모리: 36GB\n- 저장장치: 1TB SSD\n- 색상: 스페이스 블랙\n\n직거래는 OO역 근처에서 가능하며, 택배 거래 시 꼼꼼하게 포장해 드립니다.', 'ACTIVE', 85, '2026-02-20 10:15:00'),
(3, 2, 23, '롤렉스 서브마리너 데이트 흑콤', '2023년 성골 스탬핑 롤렉스 서브마리너 흑콤(126613LN) 모델입니다.\n\n실착 횟수 5회 미만으로 미세한 생활 기스 외에는 상태 최상입니다.\n풀박스(보증서, 여분 코, 영수증 등) 모두 보유 중입니다.\n\n고가 물품인 만큼 직거래 위주로 진행하며, 정품 감정 원하시면 동행 가능합니다.', 'ACTIVE', 320, '2026-02-21 14:30:00'),
(4, 2, 34, '나이키 에어 조던 1 레트로 하이 OG 시카고 2022', '조던 1 로스트 앤 파운드 (시카고) 270 사이즈입니다.\n\n크림에서 구매 후 랩핑해서 보관만 해둔 새상품입니다.\n박스 상태 좋고, 크림 보증서 및 택 모두 그대로 붙어있습니다.\n소장용으로 가지고 있다가 눈물을 머금고 방출합니다.', 'ACTIVE', 45, '2026-02-22 09:00:00'),
(5, 2, 27, '포켓몬 카드 1세대 리자몽 (상태 A급)', '어릴 때 모아둔 1세대 포켓몬 카드 리자몽 홀로그램 버전입니다.\n\n슬리브에 넣어서 바인더에 보관했기 때문에 모서리 까짐이나 접힘 전혀 없습니다.\nPSA 등급은 받지 않았으나 개인적으로 8~9등급은 충분히 나올 퀄리티라고 자부합니다.\n수집가분들의 많은 관심 부탁드립니다.', 'ACTIVE', 112, '2026-02-23 18:45:00'),
(6, 2, 61, '플레이스테이션 5 (PS5) 디스크 에디션', '플스5 디스크 에디션 판매합니다.\n\n구성품: 본체, 듀얼센스 1개, 전원 케이블, HDMI 케이블\n박스는 버려서 없고, 기기 외관에 생활 기스 살짝 있습니다.\n작동은 전혀 문제없고 초기화 완료해 두었습니다.\n타이틀 2개(스파이더맨, 갓오브워) 덤으로 같이 드립니다!', 'ACTIVE', 67, '2026-02-24 20:10:00'),
(7, 2, 20, '샤넬 클래식 미디움 플랩백 캐비어 은장', '작년 신세계백화점에서 구매한 샤넬 클미 캐비어 은장입니다.\n\n결혼식 갈 때 2번 들고 나간 게 전부라 모서리 닳음이나 내부 오염 전혀 없습니다.\n인보이스, 개런티 카드, 더스트백, 쇼핑백까지 풀구성입니다.\n최근 매장가 계속 오르고 있는데 좋은 가격에 가져가세요.', 'ACTIVE', 245, '2026-02-25 11:20:00'),
(8, 2, 8, '갤럭시 S24 울트라 512GB 티타늄 그레이', '자급제 폰으로 구매한 갤럭시 S24 울트라 512GB 모델입니다.\n\n한 달 정도 서브폰으로 사용하다가 저랑은 안 맞아서 판매합니다.\n구매하자마자 필름 붙이고 케이스 끼워서 기스 하나 없는 S급입니다.\n삼성케어플러스 양도 가능합니다.', 'ACTIVE', 95, '2026-02-25 16:30:00'),
(9, 2, 55, '스노우피크 랜드락 텐트 (TP-671R)', '캠퍼들의 로망 스노우피크 랜드락 판매합니다.\n\n가족 캠핑용으로 3회 피칭했습니다.\n우중 캠핑한 적 없고, 사용 후 항상 바싹 말려서 보관했습니다.\n스킨 끈적임이나 불빵, 찢어짐 전혀 없습니다.\n무게가 상당해서 직거래만 합니다.', 'ACTIVE', 58, '2026-02-26 08:15:00'),
(10, 2, 40, '마틴 (Martin) D-28 통기타', '어쿠스틱 기타의 표준, 마틴 D-28 2021년식 모델입니다.\n\n온습도 관리 철저하게 하면서 쳤고, 최근에 전문 샵에서 세팅(넥 조정, 줄 교체) 다 받아둔 상태라 소리 정말 잘 익었습니다.\n하드케이스 포함이며, 픽업은 따로 장착하지 않은 순정 상태입니다.', 'ACTIVE', 73, '2026-02-26 10:00:00'),
(11, 2, 6, '에어팟 프로 2세대 미개봉', '선물 받았는데 이미 있어서 팝니다. 완전 미개봉 새상품입니다.', 'SOLD', 142, '2026-01-10 10:00:00'),
(12, 2, 62, '닌텐도 스위치 OLED 화이트', '동숲 하려고 샀다가 몇 번 안 하고 방치해서 팝니다. 상태 S급.', 'SOLD', 215, '2026-02-01 10:00:00'),
(13, 2, 5, 'RTX 4090 기반 하이엔드 게이밍 PC', '사양: i9-14900K / RTX 4090 / 64GB RAM / 2TB NVMe\n풀옵션 게이밍을 위한 끝판왕 본체입니다.', 'ACTIVE', 45, '2026-02-26 13:00:00'),
(14, 2, 21, '루이비통 모노그램 스피디 30 (정품)', '관리 잘 된 정품입니다. 내부 오염 없으며 캔버스 상태 아주 좋습니다.', 'ACTIVE', 32, '2026-02-26 14:00:00'),
(15, 2, 35, '아디다스 이지 부스트 350 V2 지브라', '265 사이즈. 박스 풀구성이며 아디다스 코리아 탭 정품입니다.', 'ACTIVE', 12, '2026-02-26 15:10:00'),
(16, 2, 9, '아이패드 프로 12.9 6세대 256GB WiFi', '애플펜슬 2세대 포함해서 드립니다. 종이질감 필름 붙어있어요.', 'ACTIVE', 88, '2026-02-26 16:30:00'),
(17, 2, 31, '레고 스타워즈 밀레니엄 팔콘 (75192)', '미개봉 새제품입니다. 박스 칼각 유지 중입니다. 크기가 커서 직거래 선호.', 'ACTIVE', 27, '2026-02-26 17:00:00'),
(18, 2, 44, '뱅앤올룹슨 베오사운드 A1 2세대', '블루투스 스피커 끝판왕입니다. 실내에서만 사용해서 깨끗합니다.', 'ACTIVE', 19, '2026-02-26 18:20:00'),
(19, 2, 28, '유희왕 푸른 눈의 백룡 레어 카드', '초판 한정 레어 카드입니다. 카드 케이스 보관으로 상태 완벽합니다.', 'ACTIVE', 156, '2026-02-26 19:10:00'),
(20, 2, 58, '시마노 스텔라 C3000XG 스피닝 릴', '낚시 좋아하시는 분들은 아실 겁니다. 1회 사용 후 세척 완료.', 'ACTIVE', 42, '2026-02-26 20:05:00'),
(21, 2, 36, '뉴발란스 992 그레이 (275)', '미국산 정품입니다. 사용감 적고 밑창 보강 되어 있어 상태 좋습니다.', 'ACTIVE', 34, '2026-02-26 20:45:00'),
(22, 2, 52, '빈티지 폴라로이드 SX-70 카메라', '작동 확인 완료된 개량형 모델입니다. 인테리어 소품으로도 훌륭합니다.', 'ACTIVE', 61, '2026-02-26 21:00:00'),
(23, 2, 7, '아이폰 15 프로 128GB 화이트', '배터리 성능 98%. 케이스 항상 끼워서 흠집 하나 없는 S급입니다.', 'ACTIVE', 120, '2026-02-26 21:30:00'),
(24, 2, 24, '오메가 씨마스터 다이버 300 청판', '2022년 국내 백화점 성골 제품입니다. 풀박스 보유 중.', 'ACTIVE', 93, '2026-02-26 22:00:00'),
(25, 2, 13, '발뮤다 더 레인지 블랙 (미개봉)', '선물 받은 미개봉 새제품 판매합니다. 주방 인테리어의 완성.', 'ACTIVE', 22, '2026-02-26 22:15:00'),
(26, 2, 45, '오디오테크니카 AT-LP120X 턴테이블', '전문가용 입문 턴테이블입니다. 박스 포함 풀구성 세트.', 'ACTIVE', 38, '2026-02-26 22:30:00'),
(27, 2, 30, '베어브릭 400% 아이언맨 마크 85', '장식장에만 보관했습니다. 피규어 정리로 인해 저렴하게 내놓습니다.', 'ACTIVE', 49, '2026-02-26 22:45:00'),
(28, 2, 41, '롤랜드 FP-30X 디지털 피아노', '타건감 좋은 디지털 피아노입니다. 전용 스탠드와 의자 포함.', 'ACTIVE', 15, '2026-02-26 23:00:00'),
(29, 2, 56, '헬리녹스 체어투 블랙 (2개 세트)', '캠핑용 의자 끝판왕. 거의 새제품입니다. 전용 파우치 포함.', 'ACTIVE', 76, '2026-02-26 23:15:00'),
(30, 2, 3, 'ASUS ROG 제피러스 G14 게이밍 노트북', '라이젠 9, RTX 4060 탑재. 가볍고 성능 좋은 고성능 노트북입니다.', 'ACTIVE', 53, '2026-02-26 23:30:00');

-- 4. 상품 이미지 데이터 추가 (각 상품당 2~3개씩 랜덤 이미지 배정)
INSERT INTO `product_images` (`image_id`, `product_id`, `image_url`, `image_order`) VALUES
-- Product 1 (LG 워시콤보)
(1, 1, 'https://picsum.photos/400/300?random=1', 1),
(2, 1, 'https://picsum.photos/400/300?random=2', 2),
(3, 1, 'https://picsum.photos/400/300?random=3', 3),
-- Product 2 (맥북 프로)
(4, 2, 'https://picsum.photos/400/300?random=4', 1),
(5, 2, 'https://picsum.photos/400/300?random=5', 2),
(6, 2, 'https://picsum.photos/400/300?random=6', 3),
-- Product 3 (롤렉스)
(7, 3, 'https://picsum.photos/400/300?random=7', 1),
(8, 3, 'https://picsum.photos/400/300?random=8', 2),
(9, 3, 'https://picsum.photos/400/300?random=9', 3),
-- Product 4 (조던 1)
(10, 4, 'https://picsum.photos/400/300?random=10', 1),
(11, 4, 'https://picsum.photos/400/300?random=11', 2),
(12, 4, 'https://picsum.photos/400/300?random=12', 3),
-- Product 5 (리자몽 카드)
(13, 5, 'https://picsum.photos/400/300?random=13', 1),
(14, 5, 'https://picsum.photos/400/300?random=14', 2),
(15, 5, 'https://picsum.photos/400/300?random=15', 3),
-- Product 6 (PS5)
(16, 6, 'https://picsum.photos/400/300?random=16', 1),
(17, 6, 'https://picsum.photos/400/300?random=17', 2),
(18, 6, 'https://picsum.photos/400/300?random=18', 3),
-- Product 7 (샤넬백)
(19, 7, 'https://picsum.photos/400/300?random=19', 1),
(20, 7, 'https://picsum.photos/400/300?random=20', 2),
(21, 7, 'https://picsum.photos/400/300?random=21', 3),
-- Product 8 (S24 울트라)
(22, 8, 'https://picsum.photos/400/300?random=22', 1),
(23, 8, 'https://picsum.photos/400/300?random=23', 2),
(24, 8, 'https://picsum.photos/400/300?random=24', 3),
-- Product 9 (랜드락 텐트)
(25, 9, 'https://picsum.photos/400/300?random=25', 1),
(26, 9, 'https://picsum.photos/400/300?random=26', 2),
(27, 9, 'https://picsum.photos/400/300?random=27', 3),
-- Product 10 (마틴 기타)
(28, 10, 'https://picsum.photos/400/300?random=28', 1),
(29, 10, 'https://picsum.photos/400/300?random=29', 2),
(30, 10, 'https://picsum.photos/400/300?random=30', 3),
-- Product 11 (에어팟 - SOLD)
(31, 11, 'https://picsum.photos/400/300?random=31', 1),
(32, 11, 'https://picsum.photos/400/300?random=32', 2),
(33, 11, 'https://picsum.photos/400/300?random=33', 3),
-- Product 12 (닌텐도 - SOLD)
(34, 12, 'https://picsum.photos/400/300?random=34', 1),
(35, 12, 'https://picsum.photos/400/300?random=35', 2),
(36, 12, 'https://picsum.photos/400/300?random=36', 3),
-- Product 13 (게이밍 PC)
(37, 13, 'https://picsum.photos/400/300?random=37', 1),
(38, 13, 'https://picsum.photos/400/300?random=38', 2),
(39, 13, 'https://picsum.photos/400/300?random=39', 3),
-- Product 14 (스피디 30)
(40, 14, 'https://picsum.photos/400/300?random=40', 1),
(41, 14, 'https://picsum.photos/400/300?random=41', 2),
(42, 14, 'https://picsum.photos/400/300?random=42', 3),
-- Product 15 (이지부스트)
(43, 15, 'https://picsum.photos/400/300?random=43', 1),
(44, 15, 'https://picsum.photos/400/300?random=44', 2),
(45, 15, 'https://picsum.photos/400/300?random=45', 3),
-- Product 16 (아이패드 프로)
(46, 16, 'https://picsum.photos/400/300?random=46', 1),
(47, 16, 'https://picsum.photos/400/300?random=47', 2),
(48, 16, 'https://picsum.photos/400/300?random=48', 3),
-- Product 17 (레고 팔콘)
(49, 17, 'https://picsum.photos/400/300?random=49', 1),
(50, 17, 'https://picsum.photos/400/300?random=50', 2),
(51, 17, 'https://picsum.photos/400/300?random=51', 3),
-- Product 18 (B&O 스피커)
(52, 18, 'https://picsum.photos/400/300?random=52', 1),
(53, 18, 'https://picsum.photos/400/300?random=53', 2),
(54, 18, 'https://picsum.photos/400/300?random=54', 3),
-- Product 19 (백룡 카드)
(55, 19, 'https://picsum.photos/400/300?random=55', 1),
(56, 19, 'https://picsum.photos/400/300?random=56', 2),
(57, 19, 'https://picsum.photos/400/300?random=57', 3),
-- Product 20 (시마노 릴)
(58, 20, 'https://picsum.photos/400/300?random=58', 1),
(59, 20, 'https://picsum.photos/400/300?random=59', 2),
(60, 20, 'https://picsum.photos/400/300?random=60', 3),
-- Product 21 (뉴발 992)
(61, 21, 'https://picsum.photos/400/300?random=61', 1),
(62, 21, 'https://picsum.photos/400/300?random=62', 2),
(63, 21, 'https://picsum.photos/400/300?random=63', 3),
-- Product 22 (폴라로이드)
(64, 22, 'https://picsum.photos/400/300?random=64', 1),
(65, 22, 'https://picsum.photos/400/300?random=65', 2),
(66, 22, 'https://picsum.photos/400/300?random=66', 3),
-- Product 23 (아이폰 15)
(67, 23, 'https://picsum.photos/400/300?random=67', 1),
(68, 23, 'https://picsum.photos/400/300?random=68', 2),
(69, 23, 'https://picsum.photos/400/300?random=69', 3),
-- Product 24 (오메가 시계)
(70, 24, 'https://picsum.photos/400/300?random=70', 1),
(71, 24, 'https://picsum.photos/400/300?random=71', 2),
(72, 24, 'https://picsum.photos/400/300?random=72', 3),
-- Product 25 (발뮤다 레인지)
(73, 25, 'https://picsum.photos/400/300?random=73', 1),
(74, 25, 'https://picsum.photos/400/300?random=74', 2),
(75, 25, 'https://picsum.photos/400/300?random=75', 3),
-- Product 26 (턴테이블)
(76, 26, 'https://picsum.photos/400/300?random=76', 1),
(77, 26, 'https://picsum.photos/400/300?random=77', 2),
(78, 26, 'https://picsum.photos/400/300?random=78', 3),
-- Product 27 (아이언맨 베어브릭)
(79, 27, 'https://picsum.photos/400/300?random=79', 1),
(80, 27, 'https://picsum.photos/400/300?random=80', 2),
(81, 27, 'https://picsum.photos/400/300?random=81', 3),
-- Product 28 (디지털 피아노)
(82, 28, 'https://picsum.photos/400/300?random=82', 1),
(83, 28, 'https://picsum.photos/400/300?random=83', 2),
(84, 28, 'https://picsum.photos/400/300?random=84', 3),
-- Product 29 (헬리녹스 체어)
(85, 29, 'https://picsum.photos/400/300?random=85', 1),
(86, 29, 'https://picsum.photos/400/300?random=86', 2),
(87, 29, 'https://picsum.photos/400/300?random=87', 3),
-- Product 30 (제피러스 G14)
(88, 30, 'https://picsum.photos/400/300?random=88', 1),
(89, 30, 'https://picsum.photos/400/300?random=89', 2),
(90, 30, 'https://picsum.photos/400/300?random=90', 3);

-- 5. 경매 데이터 추가 (진행 중인 경매 위주로 세팅)
INSERT INTO `auctions` (`auction_id`, `product_id`, `start_price`, `current_price`, `start_time`, `end_time`, `status`) VALUES
(2, 2, 3500000, 3650000, '2026-02-20 10:15:00', '2026-03-20 10:15:00', 'PROCEEDING'),
(3, 3, 14000000, 15500000, '2026-02-21 14:30:00', '2026-03-21 14:30:00', 'PROCEEDING'),
(4, 4, 250000, 250000, '2026-02-22 09:00:00', '2026-03-22 09:00:00', 'PROCEEDING'),
(5, 5, 800000, 920000, '2026-02-23 18:45:00', '2026-03-23 18:45:00', 'PROCEEDING'),
(6, 6, 400000, 480000, '2026-02-24 20:10:00', '2026-03-24 20:10:00', 'PROCEEDING'),
(7, 7, 11000000, 11500000, '2026-02-25 11:20:00', '2026-03-25 11:20:00', 'PROCEEDING'),
(8, 8, 1000000, 1050000, '2026-02-25 16:30:00', '2026-03-25 16:30:00', 'PROCEEDING'),
(9, 9, 1200000, 1200000, '2026-02-26 08:15:00', '2026-03-26 08:15:00', 'PROCEEDING'),
(10, 10, 2800000, 3100000, '2026-02-26 10:00:00', '2026-03-26 10:00:00', 'PROCEEDING'),
(11, 11, 150000, 230000, '2026-01-10 12:00:00', '2026-01-20 12:00:00', 'ENDED'),
(12, 12, 200000, 280000, '2026-02-01 12:00:00', '2026-02-10 12:00:00', 'ENDED'),
(13, 13, 2200000, 2200000, '2026-02-26 00:00:00', '2026-03-05 23:59:59', 'PROCEEDING'),
(14, 14, 1200000, 1200000, '2026-02-26 00:00:00', '2026-03-06 23:59:59', 'PROCEEDING'),
(15, 15, 350000, 350000, '2026-02-26 00:00:00', '2026-03-07 23:59:59', 'PROCEEDING'),
(16, 16, 950000, 950000, '2026-02-26 00:00:00', '2026-03-08 23:59:59', 'PROCEEDING'),
(17, 17, 850000, 850000, '2026-02-26 00:00:00', '2026-03-09 23:59:59', 'PROCEEDING'),
(18, 18, 250000, 250000, '2026-02-26 00:00:00', '2026-03-10 23:59:59', 'PROCEEDING'),
(19, 19, 500000, 500000, '2026-02-26 00:00:00', '2026-03-11 23:59:59', 'PROCEEDING'),
(20, 20, 750000, 750000, '2026-02-26 00:00:00', '2026-03-12 23:59:59', 'PROCEEDING'),
(21, 21, 420000, 420000, '2026-02-26 00:00:00', '2026-03-13 23:59:59', 'PROCEEDING'),
(22, 22, 300000, 300000, '2026-02-26 00:00:00', '2026-03-14 23:59:59', 'PROCEEDING'),
(23, 23, 1100000, 1100000, '2026-02-26 00:00:00', '2026-03-15 23:59:59', 'PROCEEDING'),
(24, 24, 4500000, 4500000, '2026-02-26 00:00:00', '2026-03-16 23:59:59', 'PROCEEDING'),
(25, 25, 380000, 380000, '2026-02-26 00:00:00', '2026-03-17 23:59:59', 'PROCEEDING'),
(26, 26, 450000, 450000, '2026-02-26 00:00:00', '2026-03-18 23:59:59', 'PROCEEDING'),
(27, 27, 280000, 280000, '2026-02-26 00:00:00', '2026-03-19 23:59:59', 'PROCEEDING'),
(28, 28, 650000, 650000, '2026-02-26 00:00:00', '2026-03-20 23:59:59', 'PROCEEDING'),
(29, 29, 240000, 240000, '2026-02-26 00:00:00', '2026-03-21 23:59:59', 'PROCEEDING'),
(30, 30, 1550000, 1550000, '2026-02-26 00:00:00', '2026-03-22 23:59:59', 'PROCEEDING');


INSERT INTO `bids` (`auction_id`, `bidder_id`, `bid_price`, `bid_time`, `status`) VALUES
-- Auction 2 (맥북: 시작 350만 -> 현재 365만)
(2, 3, 3550000, '2026-02-21 11:00:00', 'ACTIVE'),
(2, 4, 3600000, '2026-02-22 15:30:00', 'ACTIVE'),
(2, 3, 3650000, '2026-02-23 09:15:00', 'ACTIVE'),
-- Auction 3 (롤렉스: 시작 1400만 -> 현재 1550만)
(3, 4, 14500000, '2026-02-22 10:00:00', 'ACTIVE'),
(3, 3, 15000000, '2026-02-23 14:00:00', 'ACTIVE'),
(3, 4, 15500000, '2026-02-25 18:30:00', 'ACTIVE'),
-- Auction 5 (포켓몬 카드: 시작 80만 -> 현재 92만)
(5, 3, 850000, '2026-02-24 09:00:00', 'ACTIVE'),
(5, 4, 920000, '2026-02-25 21:00:00', 'ACTIVE'),
-- Auction 6 (플스5: 시작 40만 -> 현재 48만)
(6, 4, 430000, '2026-02-25 10:00:00', 'ACTIVE'),
(6, 3, 480000, '2026-02-26 11:00:00', 'ACTIVE'),
-- Auction 7 (샤넬백: 1150만 - 입찰 1회)
(7, 3, 11500000, '2026-02-26 09:00:00', 'ACTIVE'),
-- Auction 8 (S24 울트라: 105만 - 입찰 1회)
(8, 4, 1050000, '2026-02-26 12:00:00', 'ACTIVE'),
-- Auction 10 (통기타: 시작 280만 -> 현재 310만)
(10, 3, 2900000, '2026-02-26 11:00:00', 'ACTIVE'),
(10, 4, 3100000, '2026-02-26 15:00:00', 'ACTIVE'),
-- 낙찰 Auction
(11, 3, 180000, '2026-01-12 10:00:00', 'ACTIVE'),
(11, 4, 200000, '2026-01-15 15:00:00', 'ACTIVE'),
(11, 3, 230000, '2026-01-19 18:00:00', 'ACTIVE'),

(12, 4, 220000, '2026-02-02 10:00:00', 'ACTIVE'),
(12, 3, 250000, '2026-02-05 15:00:00', 'ACTIVE'),
(12, 4, 280000, '2026-02-09 20:00:00', 'ACTIVE');

-- 낙찰(Orders) 데이터 추가 (결제 완료 상태)
INSERT INTO `orders` (`order_id`, `auction_id`, `buyer_id`, `final_price`, `payment_status`, `created_at`) VALUES
(1, 11, 3, 230000, 'COMPLETED', '2026-01-20 12:05:00'),
(2, 12, 4, 280000, 'COMPLETED', '2026-02-10 12:10:00');

-- 판매자 리뷰(Seller Ratings) 데이터 추가
INSERT INTO `seller_ratings` (`rating_id`, `to_user_id`, `from_user_id`, `order_id`, `score`, `comment`, `status`, `created_at`) VALUES
(1, 2, 3, 1, 5, '배송도 빠르고 물건도 확실합니다! 쿨거래 감사합니다.', 'NORMAL', '2026-01-23 14:00:00'),
(2, 2, 4, 2, 4, '포장이 살짝 아쉬웠지만 기기 상태는 좋습니다. 잘 쓸게요.', 'NORMAL', '2026-02-14 11:30:00');

-- 외래 키 제약 조건 재활성화
SET FOREIGN_KEY_CHECKS = 1;